{
  "train_loss": [
    2.1446342600716486,
    1.9589080943001642,
    1.9126075638665094,
    1.8570841815736558,
    1.8330697384145525,
    1.8453320794635348,
    1.8083135320080652,
    1.7479477723439534,
    1.7585712373256683,
    1.7082555790742238,
    1.7209876543945737,
    1.689366380373637,
    1.7054906917942896,
    1.6741539703475103,
    1.6919032037258148,
    1.6389733718501196,
    1.6457376215193007,
    1.6399575769901276,
    1.638530006011327,
    1.605553365415997,
    1.6073708931605022,
    1.615490002764596,
    1.5847998758157094,
    1.5858914355436962,
    1.5839927891890209,
    1.553855922487047,
    1.591526899072859,
    1.5283847451210022,
    1.5648384359147813,
    1.5551231702168782
  ],
  "train_acc": [
    15.60846560846561,
    17.81305114638448,
    20.105820105820104,
    24.691358024691358,
    26.54320987654321,
    23.897707231040563,
    28.483245149911816,
    29.894179894179896,
    28.306878306878307,
    30.776014109347443,
    31.48148148148148,
    32.6278659611993,
    31.922398589065256,
    33.50970017636684,
    32.451499118165785,
    36.596119929453266,
    35.5379188712522,
    38.888888888888886,
    38.095238095238095,
    38.27160493827161,
    38.27160493827161,
    37.91887125220459,
    39.329805996472665,
    38.00705467372134,
    41.18165784832451,
    43.20987654320987,
    40.65255731922399,
    44.26807760141094,
    42.239858906525576,
    43.20987654320987
  ],
  "val_loss": [
    1.8858259320259094,
    1.8663871735334396,
    1.8106012046337128,
    1.7286110371351242,
    1.7193963080644608,
    1.6972084492444992,
    1.6655281782150269,
    1.6000221371650696,
    1.6003712564706802,
    1.510462835431099,
    1.5746426731348038,
    1.5728093534708023,
    1.463711217045784,
    1.4700821340084076,
    1.4948207437992096,
    1.4272324591875076,
    1.457688644528389,
    1.3630433529615402,
    1.3927468210458755,
    1.3510686755180359,
    1.3604622334241867,
    1.3693687468767166,
    1.3507021367549896,
    1.2995980083942413,
    1.3116971850395203,
    1.308070182800293,
    1.3165969550609589,
    1.2817681580781937,
    1.2954751402139664,
    1.2741440683603287
  ],
  "val_acc": [
    31.68724279835391,
    30.45267489711934,
    33.333333333333336,
    37.86008230452675,
    44.44444444444444,
    46.09053497942387,
    40.74074074074074,
    44.03292181069959,
    45.67901234567901,
    45.67901234567901,
    48.97119341563786,
    43.62139917695473,
    51.02880658436214,
    48.148148148148145,
    53.08641975308642,
    53.90946502057613,
    52.26337448559671,
    57.61316872427984,
    52.674897119341566,
    47.73662551440329,
    60.49382716049383,
    57.61316872427984,
    60.90534979423868,
    59.67078189300412,
    55.55555555555556,
    58.8477366255144,
    58.43621399176955,
    61.31687242798354,
    58.43621399176955,
    60.08230452674897
  ]
}