{
  "train_loss": [
    1.911593947145674,
    1.7657161553700764,
    1.616103536552853,
    1.5170913007524278,
    1.410665061738756,
    1.3652395473586187,
    1.280957751803928,
    1.2550431092580159,
    1.23626219564014,
    1.2032085127300687,
    1.1835006210539076,
    1.0976921882894304,
    1.0592324104573991,
    1.0721753736337025,
    0.9988909330632951,
    1.0023059613174863,
    0.9842592775821686,
    0.9561329517099593,
    0.9537622498141395,
    0.9305152032110426,
    0.8606040974458059,
    0.8551639252238803,
    0.8461249106460147,
    0.8513055145740509,
    0.8642385303974152
  ],
  "train_acc": [
    21.71226831421006,
    30.185348631950575,
    40.33539276257723,
    45.01323918799647,
    49.16151809355693,
    53.48631950573698,
    54.98676081200353,
    57.28155339805825,
    56.663724624889674,
    59.046778464254196,
    60.90026478375993,
    62.66548984995587,
    65.66637246248897,
    64.43071491615181,
    66.81376875551634,
    65.40158870255958,
    67.8729037952339,
    69.54986760812004,
    69.19682259488084,
    69.37334510150045,
    71.57987643424536,
    70.78552515445719,
    72.37422771403354,
    71.75639894086495,
    71.57987643424536
  ],
  "val_loss": [
    1.779939442873001,
    1.6028108298778534,
    1.4160218238830566,
    1.3149632513523102,
    1.2639375030994415,
    1.2003870904445648,
    1.1245920658111572,
    1.080190196633339,
    1.0571672320365906,
    1.033970668911934,
    1.0177443325519562,
    0.9693039655685425,
    0.9631515145301819,
    0.9252435714006424,
    0.8806213587522507,
    0.8948846012353897,
    0.8707990497350693,
    0.8226250112056732,
    0.8187345117330551,
    0.789422869682312,
    0.769106388092041,
    0.7782915085554123,
    0.7529117912054062,
    0.7398294061422348,
    0.7103226184844971
  ],
  "val_acc": [
    34.29752066115702,
    48.760330578512395,
    56.611570247933884,
    59.917355371900825,
    60.33057851239669,
    61.570247933884296,
    64.87603305785125,
    62.396694214876035,
    63.22314049586777,
    66.52892561983471,
    69.00826446280992,
    69.83471074380165,
    70.24793388429752,
    71.48760330578513,
    72.31404958677686,
    71.48760330578513,
    71.90082644628099,
    72.72727272727273,
    74.79338842975207,
    76.44628099173553,
    73.96694214876032,
    76.44628099173553,
    74.3801652892562,
    75.20661157024793,
    76.03305785123968
  ]
}